original_url,actual_label,transformation,variant_url,prediction,malicious_probability,error
cybermuse.gallery.ca/cybermuse/search/artist_e.jsp?iartistid=2482,0,original,cybermuse.gallery.ca/cybermuse/search/artist_e.jsp?iartistid=2482,0,0.045,
cybermuse.gallery.ca/cybermuse/search/artist_e.jsp?iartistid=2482,0,added_subdomain,secure.cybermuse.gallery.ca/cybermuse/search/artist_e.jsp?iartistid=2482,0,0.31,
cybermuse.gallery.ca/cybermuse/search/artist_e.jsp?iartistid=2482,0,added_path,cybermuse.gallery.ca/cybermuse/search/artist_e.jsp?iartistid=2482/account,0,0.418,
cybermuse.gallery.ca/cybermuse/search/artist_e.jsp?iartistid=2482,0,added_query,cybermuse.gallery.ca/cybermuse/search/artist_e.jsp?iartistid=2482&session=12345,0,0.21357142857142855,
cybermuse.gallery.ca/cybermuse/search/artist_e.jsp?iartistid=2482,0,deeper_subdomain,login.secure.account.cybermuse.gallery.ca/cybermuse/search/artist_e.jsp?iartistid=2482,0,0.31273809523809526,
cybermuse.gallery.ca/cybermuse/search/artist_e.jsp?iartistid=2482,0,added_fragment,cybermuse.gallery.ca/cybermuse/search/artist_e.jsp?iartistid=2482#account,0,0.43799999999999994,
cybermuse.gallery.ca/cybermuse/search/artist_e.jsp?iartistid=2482,0,case_changed,CYBERMUSE.GALLERY.CA/CYBERMUSE/SEARCH/ARTIST_E.JSP?IARTISTID=2482,0,0.045,
cybermuse.gallery.ca/cybermuse/search/artist_e.jsp?iartistid=2482,0,encoded_path,cybermuse.gallery.ca/cybermuse/search/artist_e.jsp?iartistid=2482,0,0.045,
fanpix.net/gallery/paul-gleason-pictures.htm,0,original,fanpix.net/gallery/paul-gleason-pictures.htm,0,0.0,
fanpix.net/gallery/paul-gleason-pictures.htm,0,added_subdomain,secure.fanpix.net/gallery/paul-gleason-pictures.htm,1,0.5951666666666667,
fanpix.net/gallery/paul-gleason-pictures.htm,0,added_path,fanpix.net/gallery/paul-gleason-pictures.htm/account,0,0.075,
fanpix.net/gallery/paul-gleason-pictures.htm,0,added_query,fanpix.net/gallery/paul-gleason-pictures.htm?session=12345,0,0.08,
fanpix.net/gallery/paul-gleason-pictures.htm,0,deeper_subdomain,login.secure.account.fanpix.net/gallery/paul-gleason-pictures.htm,0,0.4050897435897436,
fanpix.net/gallery/paul-gleason-pictures.htm,0,added_fragment,fanpix.net/gallery/paul-gleason-pictures.htm#account,0,0.13166666666666665,
fanpix.net/gallery/paul-gleason-pictures.htm,0,case_changed,FANPIX.NET/GALLERY/PAUL-GLEASON-PICTURES.HTM,0,0.0,
fanpix.net/gallery/paul-gleason-pictures.htm,0,encoded_path,fanpix.net/gallery/paul-gleason-pictures.htm,0,0.0,
biogs.com/strictlycomedancing/bellingham.html,0,original,biogs.com/strictlycomedancing/bellingham.html,0,0.01732142857142857,
biogs.com/strictlycomedancing/bellingham.html,0,added_subdomain,secure.biogs.com/strictlycomedancing/bellingham.html,0,0.49241666666666667,
biogs.com/strictlycomedancing/bellingham.html,0,added_path,biogs.com/strictlycomedancing/bellingham.html/account,0,0.41291666666666665,
biogs.com/strictlycomedancing/bellingham.html,0,added_query,biogs.com/strictlycomedancing/bellingham.html?session=12345,0,0.045,
biogs.com/strictlycomedancing/bellingham.html,0,deeper_subdomain,login.secure.account.biogs.com/strictlycomedancing/bellingham.html,0,0.4075936057191862,
biogs.com/strictlycomedancing/bellingham.html,0,added_fragment,biogs.com/strictlycomedancing/bellingham.html#account,1,0.5569166666666667,
biogs.com/strictlycomedancing/bellingham.html,0,case_changed,BIOGS.COM/STRICTLYCOMEDANCING/BELLINGHAM.HTML,0,0.01732142857142857,
biogs.com/strictlycomedancing/bellingham.html,0,encoded_path,biogs.com/strictlycomedancing/bellingham.html,0,0.01732142857142857,
mylife.com/c-1090135275,0,original,mylife.com/c-1090135275,0,0.0,
mylife.com/c-1090135275,0,added_subdomain,secure.mylife.com/c-1090135275,1,0.5716666666666667,
mylife.com/c-1090135275,0,added_path,mylife.com/c-1090135275/account,0,0.155,
mylife.com/c-1090135275,0,added_query,mylife.com/c-1090135275?session=12345,0,0.12369047619047618,
mylife.com/c-1090135275,0,deeper_subdomain,login.secure.account.mylife.com/c-1090135275,1,0.5150000000000001,
mylife.com/c-1090135275,0,added_fragment,mylife.com/c-1090135275#account,0,0.165,
mylife.com/c-1090135275,0,case_changed,MYLIFE.COM/C-1090135275,0,0.0,
mylife.com/c-1090135275,0,encoded_path,mylife.com/c-1090135275,0,0.0,
mcshane-construction.com/leadership.aspx,0,original,mcshane-construction.com/leadership.aspx,0,0.17407720057720055,
mcshane-construction.com/leadership.aspx,0,added_subdomain,secure.mcshane-construction.com/leadership.aspx,0,0.1825,
mcshane-construction.com/leadership.aspx,0,added_path,mcshane-construction.com/leadership.aspx/account,0,0.3335553335553335,
mcshane-construction.com/leadership.aspx,0,added_query,mcshane-construction.com/leadership.aspx?session=12345,0,0.09833333333333334,
mcshane-construction.com/leadership.aspx,0,deeper_subdomain,login.secure.account.mcshane-construction.com/leadership.aspx,1,0.5416666666666666,
mcshane-construction.com/leadership.aspx,0,added_fragment,mcshane-construction.com/leadership.aspx#account,0,0.2670137085137085,
mcshane-construction.com/leadership.aspx,0,case_changed,MCSHANE-CONSTRUCTION.COM/LEADERSHIP.ASPX,0,0.17407720057720055,
mcshane-construction.com/leadership.aspx,0,encoded_path,mcshane-construction.com/leadership.aspx,0,0.17407720057720064,
billboard.com/artist/tech-n9ne/360436,0,original,billboard.com/artist/tech-n9ne/360436,0,0.0,
billboard.com/artist/tech-n9ne/360436,0,added_subdomain,secure.billboard.com/artist/tech-n9ne/360436,1,0.8,
billboard.com/artist/tech-n9ne/360436,0,added_path,billboard.com/artist/tech-n9ne/360436/account,0,0.03833333333333333,
billboard.com/artist/tech-n9ne/360436,0,added_query,billboard.com/artist/tech-n9ne/360436?session=12345,0,0.13833333333333334,
billboard.com/artist/tech-n9ne/360436,0,deeper_subdomain,login.secure.account.billboard.com/artist/tech-n9ne/360436,0,0.4268541666666667,
billboard.com/artist/tech-n9ne/360436,0,added_fragment,billboard.com/artist/tech-n9ne/360436#account,0,0.05333333333333333,
billboard.com/artist/tech-n9ne/360436,0,case_changed,BILLBOARD.COM/ARTIST/TECH-N9NE/360436,0,0.0,
billboard.com/artist/tech-n9ne/360436,0,encoded_path,billboard.com/artist/tech-n9ne/360436,0,0.0,
paypal.com.it.webapps.login.laboticaplus.com/plus-IT/Processing1.php?cmd=_Processing&dispatch=5885d80a13c0db1fb6947b0aeae66fdbfb2119927117e3a6f876e0fd34af43654bed3c1214c6f0d1e17574adfa90df254bed3c1214c6f0d1e17574adfa90df25,0,original,paypal.com.it.webapps.login.laboticaplus.com/plus-IT/Processing1.php?cmd=_Processing&dispatch=5885d80a13c0db1fb6947b0aeae66fdbfb2119927117e3a6f876e0fd34af43654bed3c1214c6f0d1e17574adfa90df254bed3c1214c6f0d1e17574adfa90df25,0,0.02,
paypal.com.it.webapps.login.laboticaplus.com/plus-IT/Processing1.php?cmd=_Processing&dispatch=5885d80a13c0db1fb6947b0aeae66fdbfb2119927117e3a6f876e0fd34af43654bed3c1214c6f0d1e17574adfa90df254bed3c1214c6f0d1e17574adfa90df25,0,added_subdomain,secure.paypal.com.it.webapps.login.laboticaplus.com/plus-IT/Processing1.php?cmd=_Processing&dispatch=5885d80a13c0db1fb6947b0aeae66fdbfb2119927117e3a6f876e0fd34af43654bed3c1214c6f0d1e17574adfa90df254bed3c1214c6f0d1e17574adfa90df25,0,0.05625,
paypal.com.it.webapps.login.laboticaplus.com/plus-IT/Processing1.php?cmd=_Processing&dispatch=5885d80a13c0db1fb6947b0aeae66fdbfb2119927117e3a6f876e0fd34af43654bed3c1214c6f0d1e17574adfa90df254bed3c1214c6f0d1e17574adfa90df25,0,added_path,paypal.com.it.webapps.login.laboticaplus.com/plus-IT/Processing1.php?cmd=_Processing&dispatch=5885d80a13c0db1fb6947b0aeae66fdbfb2119927117e3a6f876e0fd34af43654bed3c1214c6f0d1e17574adfa90df254bed3c1214c6f0d1e17574adfa90df25/account,0,0.125,
paypal.com.it.webapps.login.laboticaplus.com/plus-IT/Processing1.php?cmd=_Processing&dispatch=5885d80a13c0db1fb6947b0aeae66fdbfb2119927117e3a6f876e0fd34af43654bed3c1214c6f0d1e17574adfa90df254bed3c1214c6f0d1e17574adfa90df25,0,added_query,paypal.com.it.webapps.login.laboticaplus.com/plus-IT/Processing1.php?cmd=_Processing&dispatch=5885d80a13c0db1fb6947b0aeae66fdbfb2119927117e3a6f876e0fd34af43654bed3c1214c6f0d1e17574adfa90df254bed3c1214c6f0d1e17574adfa90df25&session=12345,0,0.25375,
paypal.com.it.webapps.login.laboticaplus.com/plus-IT/Processing1.php?cmd=_Processing&dispatch=5885d80a13c0db1fb6947b0aeae66fdbfb2119927117e3a6f876e0fd34af43654bed3c1214c6f0d1e17574adfa90df254bed3c1214c6f0d1e17574adfa90df25,0,deeper_subdomain,login.secure.account.paypal.com.it.webapps.login.laboticaplus.com/plus-IT/Processing1.php?cmd=_Processing&dispatch=5885d80a13c0db1fb6947b0aeae66fdbfb2119927117e3a6f876e0fd34af43654bed3c1214c6f0d1e17574adfa90df254bed3c1214c6f0d1e17574adfa90df25,0,0.0638888888888889,
paypal.com.it.webapps.login.laboticaplus.com/plus-IT/Processing1.php?cmd=_Processing&dispatch=5885d80a13c0db1fb6947b0aeae66fdbfb2119927117e3a6f876e0fd34af43654bed3c1214c6f0d1e17574adfa90df254bed3c1214c6f0d1e17574adfa90df25,0,added_fragment,paypal.com.it.webapps.login.laboticaplus.com/plus-IT/Processing1.php?cmd=_Processing&dispatch=5885d80a13c0db1fb6947b0aeae66fdbfb2119927117e3a6f876e0fd34af43654bed3c1214c6f0d1e17574adfa90df254bed3c1214c6f0d1e17574adfa90df25#account,0,0.06,
paypal.com.it.webapps.login.laboticaplus.com/plus-IT/Processing1.php?cmd=_Processing&dispatch=5885d80a13c0db1fb6947b0aeae66fdbfb2119927117e3a6f876e0fd34af43654bed3c1214c6f0d1e17574adfa90df254bed3c1214c6f0d1e17574adfa90df25,0,case_changed,PAYPAL.COM.IT.WEBAPPS.LOGIN.LABOTICAPLUS.COM/PLUS-it/pROCESSING1.PHP?CMD=_pROCESSING&DISPATCH=5885D80A13C0DB1FB6947B0AEAE66FDBFB2119927117E3A6F876E0FD34AF43654BED3C1214C6F0D1E17574ADFA90DF254BED3C1214C6F0D1E17574ADFA90DF25,0,0.02,
paypal.com.it.webapps.login.laboticaplus.com/plus-IT/Processing1.php?cmd=_Processing&dispatch=5885d80a13c0db1fb6947b0aeae66fdbfb2119927117e3a6f876e0fd34af43654bed3c1214c6f0d1e17574adfa90df254bed3c1214c6f0d1e17574adfa90df25,0,encoded_path,paypal.com.it.webapps.login.laboticaplus.com/plus-IT/Processing1.php?cmd=_Processing&dispatch=5885d80a13c0db1fb6947b0aeae66fdbfb2119927117e3a6f876e0fd34af43654bed3c1214c6f0d1e17574adfa90df254bed3c1214c6f0d1e17574adfa90df25,0,0.02,
wikimapia.org/2114245/Cecil-Fraser-Youth-Center,0,original,wikimapia.org/2114245/Cecil-Fraser-Youth-Center,0,0.0,
wikimapia.org/2114245/Cecil-Fraser-Youth-Center,0,added_subdomain,secure.wikimapia.org/2114245/Cecil-Fraser-Youth-Center,0,0.4071666666666667,
wikimapia.org/2114245/Cecil-Fraser-Youth-Center,0,added_path,wikimapia.org/2114245/Cecil-Fraser-Youth-Center/account,0,0.11675,
wikimapia.org/2114245/Cecil-Fraser-Youth-Center,0,added_query,wikimapia.org/2114245/Cecil-Fraser-Youth-Center?session=12345,0,0.10875,
wikimapia.org/2114245/Cecil-Fraser-Youth-Center,0,deeper_subdomain,login.secure.account.wikimapia.org/2114245/Cecil-Fraser-Youth-Center,0,0.40958333333333335,
wikimapia.org/2114245/Cecil-Fraser-Youth-Center,0,added_fragment,wikimapia.org/2114245/Cecil-Fraser-Youth-Center#account,0,0.045,
wikimapia.org/2114245/Cecil-Fraser-Youth-Center,0,case_changed,WIKIMAPIA.ORG/2114245/cECIL-fRASER-yOUTH-cENTER,0,0.0,
wikimapia.org/2114245/Cecil-Fraser-Youth-Center,0,encoded_path,wikimapia.org/2114245/Cecil-Fraser-Youth-Center,0,0.0,
maps.thefullwiki.org/English_Montreal_School_Board,0,original,maps.thefullwiki.org/English_Montreal_School_Board,0,0.24513659951159966,
maps.thefullwiki.org/English_Montreal_School_Board,0,added_subdomain,secure.maps.thefullwiki.org/English_Montreal_School_Board,0,0.4333333333333333,
maps.thefullwiki.org/English_Montreal_School_Board,0,added_path,maps.thefullwiki.org/English_Montreal_School_Board/account,1,0.7605,
maps.thefullwiki.org/English_Montreal_School_Board,0,added_query,maps.thefullwiki.org/English_Montreal_School_Board?session=12345,0,0.28,
maps.thefullwiki.org/English_Montreal_School_Board,0,deeper_subdomain,login.secure.account.maps.thefullwiki.org/English_Montreal_School_Board,0,0.2389097744360902,
maps.thefullwiki.org/English_Montreal_School_Board,0,added_fragment,maps.thefullwiki.org/English_Montreal_School_Board#account,1,0.5172916666666667,
maps.thefullwiki.org/English_Montreal_School_Board,0,case_changed,MAPS.THEFULLWIKI.ORG/eNGLISH_mONTREAL_sCHOOL_bOARD,0,0.2451365995115997,
maps.thefullwiki.org/English_Montreal_School_Board,0,encoded_path,maps.thefullwiki.org/English_Montreal_School_Board,0,0.24513659951159958,
museumstuff.com/learn/topics/KFKF-FM,0,original,museumstuff.com/learn/topics/KFKF-FM,0,0.4469636986372163,
museumstuff.com/learn/topics/KFKF-FM,0,added_subdomain,secure.museumstuff.com/learn/topics/KFKF-FM,1,0.824375,
museumstuff.com/learn/topics/KFKF-FM,0,added_path,museumstuff.com/learn/topics/KFKF-FM/account,0,0.13083333333333333,
museumstuff.com/learn/topics/KFKF-FM,0,added_query,museumstuff.com/learn/topics/KFKF-FM?session=12345,0,0.17,
museumstuff.com/learn/topics/KFKF-FM,0,deeper_subdomain,login.secure.account.museumstuff.com/learn/topics/KFKF-FM,1,0.6480848665223665,
museumstuff.com/learn/topics/KFKF-FM,0,added_fragment,museumstuff.com/learn/topics/KFKF-FM#account,0,0.305,
museumstuff.com/learn/topics/KFKF-FM,0,case_changed,MUSEUMSTUFF.COM/LEARN/TOPICS/kfkf-fm,0,0.44696369863721613,
museumstuff.com/learn/topics/KFKF-FM,0,encoded_path,museumstuff.com/learn/topics/KFKF-FM,0,0.4469636986372162,
http://www.dresden-hautnah.de/index.php?option=com_content&view=article&id=55&Itemid=69,1,original,http://www.dresden-hautnah.de/index.php?option=com_content&view=article&id=55&Itemid=69,1,1.0,
http://www.dresden-hautnah.de/index.php?option=com_content&view=article&id=55&Itemid=69,1,added_subdomain,http://secure.www.dresden-hautnah.de/index.php?option=com_content&view=article&id=55&Itemid=69,1,0.51,
http://www.dresden-hautnah.de/index.php?option=com_content&view=article&id=55&Itemid=69,1,added_path,http://www.dresden-hautnah.de/index.php?option=com_content&view=article&id=55&Itemid=69/account,1,0.735,
http://www.dresden-hautnah.de/index.php?option=com_content&view=article&id=55&Itemid=69,1,added_query,http://www.dresden-hautnah.de/index.php?option=com_content&view=article&id=55&Itemid=69&session=12345,1,0.985,
http://www.dresden-hautnah.de/index.php?option=com_content&view=article&id=55&Itemid=69,1,deeper_subdomain,http://login.secure.account.www.dresden-hautnah.de/index.php?option=com_content&view=article&id=55&Itemid=69,0,0.1925,
http://www.dresden-hautnah.de/index.php?option=com_content&view=article&id=55&Itemid=69,1,added_fragment,http://www.dresden-hautnah.de/index.php?option=com_content&view=article&id=55&Itemid=69#account,1,0.6916666666666665,
http://www.dresden-hautnah.de/index.php?option=com_content&view=article&id=55&Itemid=69,1,case_changed,HTTP://WWW.DRESDEN-HAUTNAH.DE/INDEX.PHP?OPTION=COM_CONTENT&VIEW=ARTICLE&ID=55&iTEMID=69,0,0.13,
http://www.dresden-hautnah.de/index.php?option=com_content&view=article&id=55&Itemid=69,1,encoded_path,http://www.dresden-hautnah.de%2Findex.php?option=com_content&view=article&id=55&Itemid=69,0,0.4799999999999999,
https://glosowanie-kliknij.eu,1,original,https://glosowanie-kliknij.eu,1,1.0,
https://glosowanie-kliknij.eu,1,added_subdomain,https://secure.glosowanie-kliknij.eu,1,1.0,
https://glosowanie-kliknij.eu,1,added_path,https://glosowanie-kliknij.eu/account,1,0.95125,
https://glosowanie-kliknij.eu,1,added_query,https://glosowanie-kliknij.eu?session=12345,1,0.92,
https://glosowanie-kliknij.eu,1,deeper_subdomain,https://login.secure.account.glosowanie-kliknij.eu,1,1.0,
https://glosowanie-kliknij.eu,1,added_fragment,https://glosowanie-kliknij.eu#account,1,0.9875,
https://glosowanie-kliknij.eu,1,case_changed,HTTPS://GLOSOWANIE-KLIKNIJ.EU,0,0.11916666666666666,
https://glosowanie-kliknij.eu,1,encoded_path,https://glosowanie-kliknij.eu,1,1.0,
http://www.cvoaccent.nl/index.php?option=com_content&view=article&id=141:vakantieregeling-2012-2013&catid=1&Itemid=117,1,original,http://www.cvoaccent.nl/index.php?option=com_content&view=article&id=141:vakantieregeling-2012-2013&catid=1&Itemid=117,1,1.0,
http://www.cvoaccent.nl/index.php?option=com_content&view=article&id=141:vakantieregeling-2012-2013&catid=1&Itemid=117,1,added_subdomain,http://secure.www.cvoaccent.nl/index.php?option=com_content&view=article&id=141:vakantieregeling-2012-2013&catid=1&Itemid=117,0,0.48791666666666667,
http://www.cvoaccent.nl/index.php?option=com_content&view=article&id=141:vakantieregeling-2012-2013&catid=1&Itemid=117,1,added_path,http://www.cvoaccent.nl/index.php?option=com_content&view=article&id=141:vakantieregeling-2012-2013&catid=1&Itemid=117/account,1,0.5116666666666667,
http://www.cvoaccent.nl/index.php?option=com_content&view=article&id=141:vakantieregeling-2012-2013&catid=1&Itemid=117,1,added_query,http://www.cvoaccent.nl/index.php?option=com_content&view=article&id=141:vakantieregeling-2012-2013&catid=1&Itemid=117&session=12345,1,1.0,
http://www.cvoaccent.nl/index.php?option=com_content&view=article&id=141:vakantieregeling-2012-2013&catid=1&Itemid=117,1,deeper_subdomain,http://login.secure.account.www.cvoaccent.nl/index.php?option=com_content&view=article&id=141:vakantieregeling-2012-2013&catid=1&Itemid=117,0,0.2225,
http://www.cvoaccent.nl/index.php?option=com_content&view=article&id=141:vakantieregeling-2012-2013&catid=1&Itemid=117,1,added_fragment,http://www.cvoaccent.nl/index.php?option=com_content&view=article&id=141:vakantieregeling-2012-2013&catid=1&Itemid=117#account,1,0.5216666666666667,
http://www.cvoaccent.nl/index.php?option=com_content&view=article&id=141:vakantieregeling-2012-2013&catid=1&Itemid=117,1,case_changed,HTTP://WWW.CVOACCENT.NL/INDEX.PHP?OPTION=COM_CONTENT&VIEW=ARTICLE&ID=141:VAKANTIEREGELING-2012-2013&CATID=1&iTEMID=117,0,0.275,
http://www.cvoaccent.nl/index.php?option=com_content&view=article&id=141:vakantieregeling-2012-2013&catid=1&Itemid=117,1,encoded_path,http://www.cvoaccent.nl%2Findex.php?option=com_content&view=article&id=141:vakantieregeling-2012-2013&catid=1&Itemid=117,0,0.35208333333333336,
http://115.49.76.50:59872/Mozi.m,1,original,http://115.49.76.50:59872/Mozi.m,1,1.0,
http://115.49.76.50:59872/Mozi.m,1,added_subdomain,http://secure.115.49.76.50:59872/Mozi.m,0,0.43294047619047615,
http://115.49.76.50:59872/Mozi.m,1,added_path,http://115.49.76.50:59872/Mozi.m/account,1,0.99,
http://115.49.76.50:59872/Mozi.m,1,added_query,http://115.49.76.50:59872/Mozi.m?session=12345,1,0.575,
http://115.49.76.50:59872/Mozi.m,1,deeper_subdomain,http://login.secure.account.115.49.76.50:59872/Mozi.m,1,0.7170833333333333,
http://115.49.76.50:59872/Mozi.m,1,added_fragment,http://115.49.76.50:59872/Mozi.m#account,1,0.94,
http://115.49.76.50:59872/Mozi.m,1,case_changed,HTTP://115.49.76.50:59872/mOZI.M,0,0.425,
http://115.49.76.50:59872/Mozi.m,1,encoded_path,http://115.49.76.50:59872%2FMozi.m,1,0.9746666666666667,
http://amazon.com.ap.signin.createvents.gr/61439dacef9bb45576f5fcfcfa122f2f/login.php,1,original,http://amazon.com.ap.signin.createvents.gr/61439dacef9bb45576f5fcfcfa122f2f/login.php,1,0.8991666666666666,
http://amazon.com.ap.signin.createvents.gr/61439dacef9bb45576f5fcfcfa122f2f/login.php,1,added_subdomain,http://secure.amazon.com.ap.signin.createvents.gr/61439dacef9bb45576f5fcfcfa122f2f/login.php,1,0.7020833333333334,
http://amazon.com.ap.signin.createvents.gr/61439dacef9bb45576f5fcfcfa122f2f/login.php,1,added_path,http://amazon.com.ap.signin.createvents.gr/61439dacef9bb45576f5fcfcfa122f2f/login.php/account,1,0.5645833333333333,
http://amazon.com.ap.signin.createvents.gr/61439dacef9bb45576f5fcfcfa122f2f/login.php,1,added_query,http://amazon.com.ap.signin.createvents.gr/61439dacef9bb45576f5fcfcfa122f2f/login.php?session=12345,0,0.48133333333333334,
http://amazon.com.ap.signin.createvents.gr/61439dacef9bb45576f5fcfcfa122f2f/login.php,1,deeper_subdomain,http://login.secure.account.amazon.com.ap.signin.createvents.gr/61439dacef9bb45576f5fcfcfa122f2f/login.php,0,0.2775,
http://amazon.com.ap.signin.createvents.gr/61439dacef9bb45576f5fcfcfa122f2f/login.php,1,added_fragment,http://amazon.com.ap.signin.createvents.gr/61439dacef9bb45576f5fcfcfa122f2f/login.php#account,1,0.6533333333333333,
http://amazon.com.ap.signin.createvents.gr/61439dacef9bb45576f5fcfcfa122f2f/login.php,1,case_changed,HTTP://AMAZON.COM.AP.SIGNIN.CREATEVENTS.GR/61439DACEF9BB45576F5FCFCFA122F2F/LOGIN.PHP,0,0.235,
http://amazon.com.ap.signin.createvents.gr/61439dacef9bb45576f5fcfcfa122f2f/login.php,1,encoded_path,http://amazon.com.ap.signin.createvents.gr%2F61439dacef9bb45576f5fcfcfa122f2f/login.php,0,0.4968333333333333,
ligueconso.org,1,original,ligueconso.org,1,1.0,
ligueconso.org,1,added_subdomain,secure.ligueconso.org,1,1.0,
ligueconso.org,1,added_path,ligueconso.org/account,0,0.21887012932719457,
ligueconso.org,1,added_query,ligueconso.org?session=12345,1,0.705,
ligueconso.org,1,deeper_subdomain,login.secure.account.ligueconso.org,1,0.995,
ligueconso.org,1,added_fragment,ligueconso.org#account,1,0.8667037195260879,
ligueconso.org,1,case_changed,LIGUECONSO.ORG,1,1.0,
ligueconso.org,1,encoded_path,ligueconso.org,1,1.0,
interac.canada.revenue-tax-agencys.austrollantas.com,1,original,interac.canada.revenue-tax-agencys.austrollantas.com,1,1.0,
interac.canada.revenue-tax-agencys.austrollantas.com,1,added_subdomain,secure.interac.canada.revenue-tax-agencys.austrollantas.com,1,0.985,
interac.canada.revenue-tax-agencys.austrollantas.com,1,added_path,interac.canada.revenue-tax-agencys.austrollantas.com/account,1,0.5816666666666667,
interac.canada.revenue-tax-agencys.austrollantas.com,1,added_query,interac.canada.revenue-tax-agencys.austrollantas.com?session=12345,1,0.735,
interac.canada.revenue-tax-agencys.austrollantas.com,1,deeper_subdomain,login.secure.account.interac.canada.revenue-tax-agencys.austrollantas.com,1,0.955,
interac.canada.revenue-tax-agencys.austrollantas.com,1,added_fragment,interac.canada.revenue-tax-agencys.austrollantas.com#account,1,0.975,
interac.canada.revenue-tax-agencys.austrollantas.com,1,case_changed,INTERAC.CANADA.REVENUE-TAX-AGENCYS.AUSTROLLANTAS.COM,1,1.0,
interac.canada.revenue-tax-agencys.austrollantas.com,1,encoded_path,interac.canada.revenue-tax-agencys.austrollantas.com,1,1.0,
http://www.easyphonia.com/index.php?option=com_mailto&tmpl=component&link=aHR0cDovL3d3dy5lYXN5cGhvbmlhLmNvbS9zZXJ2aWNlcy9sYW5kbGluZS1udW1iZXJzL2xhbmRsaW5lLW51bWJlci13aGF0LWlzLWl0,1,original,http://www.easyphonia.com/index.php?option=com_mailto&tmpl=component&link=aHR0cDovL3d3dy5lYXN5cGhvbmlhLmNvbS9zZXJ2aWNlcy9sYW5kbGluZS1udW1iZXJzL2xhbmRsaW5lLW51bWJlci13aGF0LWlzLWl0,1,1.0,
http://www.easyphonia.com/index.php?option=com_mailto&tmpl=component&link=aHR0cDovL3d3dy5lYXN5cGhvbmlhLmNvbS9zZXJ2aWNlcy9sYW5kbGluZS1udW1iZXJzL2xhbmRsaW5lLW51bWJlci13aGF0LWlzLWl0,1,added_subdomain,http://secure.www.easyphonia.com/index.php?option=com_mailto&tmpl=component&link=aHR0cDovL3d3dy5lYXN5cGhvbmlhLmNvbS9zZXJ2aWNlcy9sYW5kbGluZS1udW1iZXJzL2xhbmRsaW5lLW51bWJlci13aGF0LWlzLWl0,1,0.7391666666666667,
http://www.easyphonia.com/index.php?option=com_mailto&tmpl=component&link=aHR0cDovL3d3dy5lYXN5cGhvbmlhLmNvbS9zZXJ2aWNlcy9sYW5kbGluZS1udW1iZXJzL2xhbmRsaW5lLW51bWJlci13aGF0LWlzLWl0,1,added_path,http://www.easyphonia.com/index.php?option=com_mailto&tmpl=component&link=aHR0cDovL3d3dy5lYXN5cGhvbmlhLmNvbS9zZXJ2aWNlcy9sYW5kbGluZS1udW1iZXJzL2xhbmRsaW5lLW51bWJlci13aGF0LWlzLWl0/account,1,0.857,
http://www.easyphonia.com/index.php?option=com_mailto&tmpl=component&link=aHR0cDovL3d3dy5lYXN5cGhvbmlhLmNvbS9zZXJ2aWNlcy9sYW5kbGluZS1udW1iZXJzL2xhbmRsaW5lLW51bWJlci13aGF0LWlzLWl0,1,added_query,http://www.easyphonia.com/index.php?option=com_mailto&tmpl=component&link=aHR0cDovL3d3dy5lYXN5cGhvbmlhLmNvbS9zZXJ2aWNlcy9sYW5kbGluZS1udW1iZXJzL2xhbmRsaW5lLW51bWJlci13aGF0LWlzLWl0&session=12345,1,1.0,
http://www.easyphonia.com/index.php?option=com_mailto&tmpl=component&link=aHR0cDovL3d3dy5lYXN5cGhvbmlhLmNvbS9zZXJ2aWNlcy9sYW5kbGluZS1udW1iZXJzL2xhbmRsaW5lLW51bWJlci13aGF0LWlzLWl0,1,deeper_subdomain,http://login.secure.account.www.easyphonia.com/index.php?option=com_mailto&tmpl=component&link=aHR0cDovL3d3dy5lYXN5cGhvbmlhLmNvbS9zZXJ2aWNlcy9sYW5kbGluZS1udW1iZXJzL2xhbmRsaW5lLW51bWJlci13aGF0LWlzLWl0,0,0.4575,
http://www.easyphonia.com/index.php?option=com_mailto&tmpl=component&link=aHR0cDovL3d3dy5lYXN5cGhvbmlhLmNvbS9zZXJ2aWNlcy9sYW5kbGluZS1udW1iZXJzL2xhbmRsaW5lLW51bWJlci13aGF0LWlzLWl0,1,added_fragment,http://www.easyphonia.com/index.php?option=com_mailto&tmpl=component&link=aHR0cDovL3d3dy5lYXN5cGhvbmlhLmNvbS9zZXJ2aWNlcy9sYW5kbGluZS1udW1iZXJzL2xhbmRsaW5lLW51bWJlci13aGF0LWlzLWl0#account,1,0.835,
http://www.easyphonia.com/index.php?option=com_mailto&tmpl=component&link=aHR0cDovL3d3dy5lYXN5cGhvbmlhLmNvbS9zZXJ2aWNlcy9sYW5kbGluZS1udW1iZXJzL2xhbmRsaW5lLW51bWJlci13aGF0LWlzLWl0,1,case_changed,HTTP://WWW.EASYPHONIA.COM/INDEX.PHP?OPTION=COM_MAILTO&TMPL=COMPONENT&LINK=Ahr0CdOVl3D3DY5Lyxn5CgHVBMLHlMnVBs9Zzxj2AwnLCY9Syw5KBgLUzs1UDw1IzxjZl2XHBMrSAw5Llw51BwjLCI13Agf0lwLZlwL0,1,0.565,
http://www.easyphonia.com/index.php?option=com_mailto&tmpl=component&link=aHR0cDovL3d3dy5lYXN5cGhvbmlhLmNvbS9zZXJ2aWNlcy9sYW5kbGluZS1udW1iZXJzL2xhbmRsaW5lLW51bWJlci13aGF0LWlzLWl0,1,encoded_path,http://www.easyphonia.com%2Findex.php?option=com_mailto&tmpl=component&link=aHR0cDovL3d3dy5lYXN5cGhvbmlhLmNvbS9zZXJ2aWNlcy9sYW5kbGluZS1udW1iZXJzL2xhbmRsaW5lLW51bWJlci13aGF0LWlzLWl0,0,0.45285714285714285,
tools.ietf.org/html/rfc3130,1,original,tools.ietf.org/html/rfc3130,1,1.0,
tools.ietf.org/html/rfc3130,1,added_subdomain,secure.tools.ietf.org/html/rfc3130,1,0.5942023809523809,
tools.ietf.org/html/rfc3130,1,added_path,tools.ietf.org/html/rfc3130/account,1,0.7292083333333333,
tools.ietf.org/html/rfc3130,1,added_query,tools.ietf.org/html/rfc3130?session=12345,0,0.25,
tools.ietf.org/html/rfc3130,1,deeper_subdomain,login.secure.account.tools.ietf.org/html/rfc3130,0,0.47875,
tools.ietf.org/html/rfc3130,1,added_fragment,tools.ietf.org/html/rfc3130#account,1,0.54625,
tools.ietf.org/html/rfc3130,1,case_changed,TOOLS.IETF.ORG/HTML/RFC3130,1,1.0,
tools.ietf.org/html/rfc3130,1,encoded_path,tools.ietf.org/html/rfc3130,1,1.0,
www.jeffjournal.org/papers/06Dec_ChargeCharacterization.pdf,1,original,www.jeffjournal.org/papers/06Dec_ChargeCharacterization.pdf,1,0.886875,
www.jeffjournal.org/papers/06Dec_ChargeCharacterization.pdf,1,added_subdomain,secure.www.jeffjournal.org/papers/06Dec_ChargeCharacterization.pdf,0,0.37583333333333335,
www.jeffjournal.org/papers/06Dec_ChargeCharacterization.pdf,1,added_path,www.jeffjournal.org/papers/06Dec_ChargeCharacterization.pdf/account,0,0.45458333333333334,
www.jeffjournal.org/papers/06Dec_ChargeCharacterization.pdf,1,added_query,www.jeffjournal.org/papers/06Dec_ChargeCharacterization.pdf?session=12345,0,0.3158333333333333,
www.jeffjournal.org/papers/06Dec_ChargeCharacterization.pdf,1,deeper_subdomain,login.secure.account.www.jeffjournal.org/papers/06Dec_ChargeCharacterization.pdf,0,0.4975,
www.jeffjournal.org/papers/06Dec_ChargeCharacterization.pdf,1,added_fragment,www.jeffjournal.org/papers/06Dec_ChargeCharacterization.pdf#account,0,0.39833333333333326,
www.jeffjournal.org/papers/06Dec_ChargeCharacterization.pdf,1,case_changed,WWW.JEFFJOURNAL.ORG/PAPERS/06dEC_cHARGEcHARACTERIZATION.PDF,1,0.886875,
www.jeffjournal.org/papers/06Dec_ChargeCharacterization.pdf,1,encoded_path,www.jeffjournal.org/papers/06Dec_ChargeCharacterization.pdf,1,0.886875,
